transaction_id,user_id,amount,transaction_hour,merchant_category,device_type,location,is_new_device,failed_attempts,transactions_last_hour,account_age_days,is_fraud,is_night,amount_log,high_velocity,high_failed_attempts,new_device_high_amount,amount_vs_account_age,risk_factor_count
TXN00033553,912,508.32,4,utility_bill,ios,Butwal,1,1,2,824,0,1,6.233076502705234,0,0,0,0.6161454545454546,1
TXN00009427,1162,249.41,22,grocery,web,Bhaktapur,0,0,3,824,0,0,5.523099574530755,0,0,0,0.30231515151515154,0
TXN00000199,2912,507.58,16,travel,web,Hetauda,0,0,1,466,0,0,6.231622528581321,0,0,0,1.0868950749464668,0
TXN00012447,3743,402.74,15,healthcare,ios,Butwal,0,1,2,1486,0,0,6.000771106428282,0,0,0,0.2708406186953598,0
TXN00039489,677,4489.19,13,education,android,Birgunj,0,0,2,318,0,0,8.409650296099343,0,0,0,14.072695924764888,0
TXN00042724,2834,98.86,11,education,ios,Birgunj,1,0,2,962,0,0,4.603769205072463,0,0,0,0.1026583592938733,0
TXN00010822,762,392.46,21,fuel,ios,Butwal,0,0,1,172,0,0,5.974979410848119,0,0,0,2.2685549132947975,0
TXN00049498,4751,254.53,16,education,web,Bhaktapur,0,0,3,790,0,0,5.543339819580688,0,0,0,0.3217825537294564,0
TXN00004144,4035,557.31,12,travel,web,Birgunj,1,0,1,1317,0,0,6.3249143636730105,0,0,0,0.42284522003034897,0
TXN00036958,1694,296.38,11,utility_bill,web,Pokhara,0,0,2,394,0,0,5.695010782269077,0,0,0,0.7503291139240507,0
TXN00043106,1960,724.73,23,electronics,web,Butwal,0,0,1,496,0,0,6.587178044826087,0,0,0,1.4582092555331991,0
TXN00038695,4508,1242.64,13,education,web,Hetauda,0,2,1,1395,0,0,7.125797842350504,0,0,0,0.8901432664756448,0
TXN00006188,871,410.69,6,fuel,android,Nepalgunj,0,1,1,388,0,0,6.020270638949651,0,0,0,1.055758354755784,0
TXN00001414,826,5129.28,19,education,android,Birgunj,0,3,3,1344,0,0,8.542915517572018,0,0,0,3.8135910780669144,0
TXN00018471,914,396.63,17,grocery,android,Kathmandu,0,1,2,940,0,0,5.9855219246523035,0,0,0,0.4214984059511158,0
TXN00029282,985,520.44,5,healthcare,web,Hetauda,0,0,3,1363,0,0,6.256594215089252,0,0,0,0.3815542521994135,0
TXN00015177,1661,1496.23,18,healthcare,ios,Kathmandu,0,1,4,1201,0,0,7.31137201323268,0,0,0,1.244783693843594,0
TXN00034304,1247,501.65,16,fuel,web,Nepalgunj,0,0,2,96,0,0,6.219894102851429,0,0,0,5.171649484536082,0
TXN00012609,4538,1575.81,16,healthcare,web,Dharan,0,0,3,1242,0,0,7.363159097776797,0,0,0,1.2677473853580048,0
TXN00012144,4492,1721.83,10,education,ios,Bhaktapur,0,2,2,397,0,0,7.451723566541228,0,0,0,4.326206030150754,0
TXN00006113,4826,368.41,21,travel,web,Pokhara,0,0,1,963,0,0,5.911907138324555,0,0,0,0.38216804979253116,0
TXN00015908,2846,959.9,12,mobile_topup,web,Kathmandu,0,0,2,321,0,0,6.867870345283222,0,0,0,2.981055900621118,0
TXN00000821,118,7169.49,23,utility_bill,android,Birgunj,0,0,1,410,0,0,8.877729271565407,0,0,0,17.444014598540146,0
TXN00015118,1917,206.62,18,healthcare,ios,Dharan,0,0,1,1247,0,0,5.3357094857651,0,0,0,0.16556089743589744,0
TXN00013466,3680,6408.45,21,travel,ios,Bhaktapur,0,0,9,233,0,0,8.765528742801253,1,0,0,27.38653846153846,1
TXN00026497,1860,118.6,5,utility_bill,android,Dharan,0,1,1,586,0,0,4.784152841516532,0,0,0,0.2020442930153322,0
TXN00042111,3799,158.94,0,education,web,Butwal,0,0,5,939,0,1,5.0747987449037435,0,0,0,0.16908510638297872,1
TXN00030188,4346,1725.72,11,fuel,android,Dharan,1,1,1,353,0,0,7.453978934139282,0,0,0,4.874915254237288,0
TXN00037237,4867,134.47,12,healthcare,android,Pokhara,0,1,1,1481,0,0,4.908750213592645,0,0,0,0.09073549257759785,0
TXN00033109,4237,468.74,5,grocery,ios,Butwal,0,1,3,355,0,0,6.152179350147878,0,0,0,1.316685393258427,0
TXN00036480,3235,142.63,20,utility_bill,ios,Pokhara,0,0,1,427,0,0,4.967240548443732,0,0,0,0.33324766355140184,0
TXN00024148,3491,391.58,11,utility_bill,web,Bhaktapur,0,0,3,415,0,0,5.972740338109702,0,0,0,0.9412980769230769,0
TXN00005503,2262,628.79,7,utility_bill,ios,Hetauda,0,0,1,841,0,0,6.445386430484341,0,0,0,0.7467814726840855,0
TXN00003918,567,802.07,12,utility_bill,android,Biratnagar,1,2,3,896,0,0,6.68844188324828,0,0,0,0.8941694537346712,0
TXN00038478,4693,685.84,20,electronics,android,Dharan,0,1,3,64,0,0,6.532101368445602,0,0,0,10.551384615384617,0
TXN00021123,2858,1000.02,10,utility_bill,ios,Biratnagar,0,0,1,1401,0,0,6.908774759135603,0,0,0,0.713281027104137,0
TXN00049717,1921,561.94,7,travel,ios,Kathmandu,0,2,1,181,0,0,6.333173050524441,0,0,0,3.087582417582418,0
TXN00042294,3510,134.34,1,electronics,web,Dharan,0,0,3,1327,0,1,4.90779013080408,0,0,0,0.10115963855421688,1
TXN00047609,2225,684.57,16,healthcare,android,Birgunj,0,0,3,741,0,0,6.53025060903331,0,0,0,0.922601078167116,0
TXN00011076,4078,19.13,0,fuel,ios,Birgunj,0,0,3,571,0,1,3.0022112396517002,0,0,0,0.033444055944055945,1
TXN00041514,30,950.0,6,utility_bill,android,Bhaktapur,0,1,3,698,0,0,6.85751406254539,0,0,0,1.3590844062947067,0
TXN00022062,3817,273.97,21,travel,ios,Hetauda,0,1,2,1334,0,0,5.616662000806635,0,0,0,0.20522097378277154,0
TXN00009413,4585,4733.5,13,education,android,Birgunj,0,0,1,863,0,0,8.462631403423554,0,0,0,5.478587962962963,0
TXN00038340,2151,1172.59,17,mobile_topup,web,Pokhara,0,0,2,879,0,0,7.06782270600174,0,0,0,1.3324886363636363,0
TXN00030263,4481,1179.04,5,utility_bill,ios,Kathmandu,1,0,8,1218,0,0,7.073303615190261,1,0,0,0.9672190319934372,1
TXN00041252,4153,499.05,16,healthcare,web,Nepalgunj,0,0,2,791,0,0,6.214708093422525,0,0,0,0.6301136363636364,0
TXN00014644,1090,408.18,13,fuel,android,Biratnagar,0,0,2,1104,0,0,6.01415515702768,0,0,0,0.369393665158371,0
TXN00026335,2534,167.86,23,restaurant,android,Lalitpur,0,5,1,946,0,0,5.129069969241354,0,1,0,0.17725448785638862,1
TXN00028102,4984,827.27,17,electronics,web,Lalitpur,0,0,2,1015,0,0,6.719339188186985,0,0,0,0.8142421259842519,0
TXN00017523,3016,2142.07,8,ecommerce,ios,Kathmandu,0,1,1,1182,0,0,7.669994659429138,0,0,0,1.8107100591715977,0
TXN00024712,2318,979.26,20,restaurant,web,Dharan,0,0,2,1002,0,0,6.88781784259962,0,0,0,0.9763310069790628,0
TXN00040485,4644,204.53,14,ecommerce,ios,Pokhara,0,0,5,854,0,0,5.325592008682918,0,0,0,0.23921637426900585,0
TXN00003850,1994,1957.58,5,grocery,web,Biratnagar,0,2,1,680,0,0,7.579974999859085,0,0,0,2.874566813509545,0
TXN00040040,3975,1001.49,23,grocery,android,Butwal,0,5,2,1163,0,0,6.910242184068629,0,1,0,0.8603865979381443,1
TXN00015267,642,722.9,12,education,web,Birgunj,0,0,1,1422,0,0,6.584653261299096,0,0,0,0.5080112438510189,0
TXN00049146,3399,1919.85,7,fuel,web,Pokhara,0,0,1,213,0,0,7.560523075388739,0,0,0,8.97126168224299,0
TXN00030001,2383,350.67,18,ecommerce,ios,Biratnagar,0,0,1,1363,0,0,5.862693235870121,0,0,0,0.25708944281524926,0
TXN00045926,4983,182.51,10,fuel,web,Dharan,0,0,2,639,0,0,5.212269161922583,0,0,0,0.28517187499999996,0
TXN00043824,481,406.6,12,healthcare,web,Bhaktapur,0,0,2,1255,0,0,6.01028630134857,0,0,0,0.32372611464968154,0
TXN00017240,1940,3273.95,17,ecommerce,ios,Lalitpur,0,2,4,19,0,0,8.094057880777235,0,0,0,163.6975,1
TXN00004892,1903,111.53,5,travel,web,Lalitpur,0,1,3,807,0,0,4.723219852761906,0,0,0,0.1380321782178218,0
TXN00000725,3123,357.33,1,restaurant,android,Nepalgunj,0,0,1,369,0,1,5.881454349524805,0,0,0,0.9657567567567568,1
TXN00022949,3982,100.26,7,ecommerce,web,Butwal,0,3,2,766,0,0,4.617691466541763,0,0,0,0.13071707953063885,0
TXN00034657,1810,3644.15,2,mobile_topup,web,Biratnagar,0,0,3,1008,0,1,8.201152795859402,0,0,0,3.6116451932606544,1
TXN00037213,1795,626.69,1,education,web,Dharan,0,0,1,1267,0,1,6.44204641401927,0,0,0,0.4942350157728707,1
TXN00020304,4368,654.33,4,fuel,ios,Bhaktapur,1,0,1,465,0,1,6.485138925556076,0,0,0,1.4041416309012877,1
TXN00015269,724,213.77,4,travel,android,Butwal,0,1,4,786,0,1,5.369567688076203,0,0,0,0.2716264294790343,1
TXN00022367,1318,590.68,14,travel,ios,Dharan,0,0,1,819,0,0,6.38296594819876,0,0,0,0.7203414634146341,0
TXN00042684,3218,398.99,16,utility_bill,android,Hetauda,0,0,3,245,0,0,5.991439546795477,0,0,0,1.6219105691056912,0
TXN00046734,2664,723.27,6,electronics,android,Birgunj,0,0,3,611,0,0,6.585164251042083,0,0,0,1.1818137254901961,0
TXN00011732,3690,9211.96,14,education,android,Nepalgunj,0,4,1,933,0,0,9.128366467408418,0,1,0,9.86291220556745,1
TXN00018619,3191,820.2,4,utility_bill,web,Kathmandu,0,0,6,102,0,1,6.710766685144779,0,0,0,7.963106796116505,1
TXN00048492,4118,377.54,6,ecommerce,ios,Birgunj,0,0,1,759,0,0,5.936321747610773,0,0,0,0.49676315789473685,0
TXN00026803,1067,1860.78,2,travel,ios,Hetauda,0,2,2,413,0,1,7.529288298332285,0,0,0,4.49463768115942,1
TXN00044305,390,4917.83,22,travel,android,Nepalgunj,0,2,1,669,0,0,8.500825976328242,0,0,0,7.340044776119403,0
TXN00047522,3324,478.55,17,travel,web,Kathmandu,0,0,2,97,0,0,6.17284816417396,0,0,0,4.8831632653061225,0
TXN00032207,2726,426.98,10,restaurant,web,Pokhara,0,0,1,425,0,0,6.059076465518002,0,0,0,1.0023004694835682,0
TXN00002530,4628,2592.69,22,mobile_topup,ios,Nepalgunj,0,0,1,510,0,0,7.860836851181327,0,0,0,5.073757338551859,0
TXN00017746,1817,1608.23,10,electronics,android,Dharan,0,0,2,1090,0,0,7.383511082705736,0,0,0,1.4740879926672776,0
TXN00008270,56,2006.78,14,healthcare,android,Nepalgunj,0,0,2,598,0,0,7.604784913056305,0,0,0,3.3502170283806345,0
TXN00015079,2681,331.44,3,utility_bill,web,Birgunj,0,0,1,188,0,1,5.806459392684825,0,0,0,1.7536507936507937,1
TXN00013624,2939,948.53,12,mobile_topup,web,Hetauda,1,0,5,1193,0,0,6.85596712532983,0,0,0,0.7944137353433836,0
TXN00030638,623,980.82,17,grocery,android,Hetauda,1,0,2,1221,0,0,6.889407992164077,0,0,0,0.8026350245499182,0
TXN00030440,4952,153.52,4,travel,android,Kathmandu,0,0,3,354,0,1,5.040323537798081,0,0,0,0.43245070422535214,1
TXN00036056,3045,94.51,14,fuel,android,Hetauda,0,1,1,667,0,0,4.5592309540466465,0,0,0,0.1414820359281437,0
TXN00042651,3496,2124.9,19,ecommerce,android,Nepalgunj,1,1,1,369,0,0,7.661950521107016,0,0,0,5.742972972972973,0
TXN00036803,3828,878.41,1,fuel,ios,Butwal,1,0,2,1196,0,1,6.77925122807164,0,0,0,0.733842940685046,1
TXN00048224,3397,291.17,12,healthcare,ios,Bhaktapur,0,0,6,216,0,0,5.677335824641218,0,0,0,1.3417972350230416,0
TXN00029226,4593,227.47,23,travel,android,Nepalgunj,0,0,2,236,0,0,5.431404910686392,0,0,0,0.959789029535865,0
TXN00005633,1782,547.13,7,electronics,web,Kathmandu,0,0,1,1175,0,0,6.306512485091684,0,0,0,0.4652465986394558,0
TXN00005987,670,738.35,13,grocery,ios,Hetauda,0,0,2,892,0,0,6.6057714218194965,0,0,0,0.8268197088465846,0
TXN00048063,3419,200.94,0,healthcare,web,Nepalgunj,0,0,3,764,0,1,5.307970623576175,0,0,0,0.26266666666666666,1
TXN00001812,3231,303.88,11,mobile_topup,android,Butwal,0,0,6,147,0,0,5.719918256565605,0,0,0,2.053243243243243,0
TXN00027578,1368,2993.41,11,utility_bill,ios,Birgunj,0,4,2,494,1,0,8.004502496151835,0,1,0,6.047292929292929,1
TXN00016823,1726,710.64,1,mobile_topup,android,Bhaktapur,0,1,3,522,0,1,6.567572165566575,0,0,0,1.358776290630975,1
TXN00003928,1030,638.09,15,utility_bill,android,Nepalgunj,0,0,1,113,0,0,6.460045289530222,0,0,0,5.597280701754387,0
TXN00037286,3284,484.52,11,restaurant,android,Hetauda,0,0,2,824,0,0,6.185220481527599,0,0,0,0.5872969696969697,0
TXN00025045,1544,207.43,6,electronics,web,Biratnagar,0,1,1,990,0,0,5.339603253453579,0,0,0,0.209313824419778,0
TXN00015727,859,7777.25,16,grocery,ios,Bhaktapur,1,1,1,1461,0,0,8.959086656137954,0,0,0,5.319596443228455,0
TXN00029600,3360,1407.68,13,healthcare,web,Birgunj,1,0,2,583,0,0,7.250408374678432,0,0,0,2.4104109589041096,0
TXN00010430,4407,633.36,9,education,web,Butwal,0,0,2,174,0,0,6.4526166166304,0,0,0,3.6192,0
TXN00025768,2028,343.57,0,mobile_topup,web,Birgunj,0,0,2,853,0,1,5.842297262846187,0,0,0,0.40230679156908666,1
TXN00029103,2735,1957.0,8,fuel,web,Lalitpur,0,0,1,1415,0,0,7.579678823090456,0,0,0,1.3820621468926553,0
TXN00036537,65,2316.6,23,ecommerce,ios,Hetauda,0,0,3,309,0,0,7.748287446455141,0,0,0,7.472903225806451,0
TXN00039328,3874,125.26,9,fuel,ios,Pokhara,0,0,3,1194,0,0,4.83834327293948,0,0,0,0.10482008368200837,0
TXN00035539,2540,623.19,18,grocery,android,Butwal,1,0,3,1088,0,0,6.436454809202101,0,0,0,0.5722589531680441,0
TXN00028075,1513,433.57,10,electronics,android,Nepalgunj,0,0,1,702,0,0,6.074357036447542,0,0,0,0.6167425320056898,0
TXN00017840,1885,360.69,7,ecommerce,web,Lalitpur,0,3,1,1001,0,0,5.8907874913544065,0,0,0,0.3599700598802395,0
TXN00027802,3840,116.26,9,restaurant,web,Butwal,0,0,4,58,0,0,4.764393691536069,0,0,0,1.9705084745762713,0
TXN00007682,919,1203.09,15,electronics,android,Butwal,0,1,8,677,0,0,7.093479373905627,1,0,0,1.7744690265486724,1
TXN00024279,1956,1157.55,8,fuel,android,Hetauda,0,1,3,874,0,0,7.054924502198758,0,0,0,1.3229142857142857,0
TXN00033070,1336,284.7,18,electronics,android,Biratnagar,0,0,1,750,0,0,5.654942309236727,0,0,0,0.37909454061251663,0
TXN00035557,1565,2708.96,23,mobile_topup,ios,Dharan,0,1,2,1164,0,0,7.9046891536172135,0,0,0,2.3252875536480686,0
TXN00037189,1097,350.26,6,travel,ios,Kathmandu,0,0,2,527,0,0,5.86152668999359,0,0,0,0.6633712121212121,0
TXN00047149,1671,351.8,22,utility_bill,android,Nepalgunj,0,0,2,961,0,0,5.865901324132636,0,0,0,0.3656964656964657,0
TXN00046915,2348,1862.49,21,grocery,ios,Lalitpur,0,0,1,481,0,0,7.530206352658604,0,0,0,3.8640871369294607,0
TXN00009801,1427,391.15,20,electronics,android,Dharan,0,0,2,1119,0,0,5.971644419658675,0,0,0,0.3492410714285714,0
TXN00038800,3590,557.66,5,fuel,web,Biratnagar,0,0,4,520,0,0,6.3255410591284935,0,0,0,1.0703646833013436,0
TXN00024669,1784,1182.11,2,utility_bill,web,Dharan,0,2,2,138,0,1,7.075901843594786,0,0,0,8.504388489208633,1
TXN00044233,4045,865.6,18,ecommerce,ios,Hetauda,0,0,1,1301,0,0,6.764577509305809,0,0,0,0.6648233486943165,0
TXN00031919,3141,705.38,23,restaurant,web,Lalitpur,0,0,1,1317,0,0,6.5601533363181606,0,0,0,0.5351896813353566,0
TXN00007134,471,2624.32,18,utility_bill,web,Kathmandu,0,0,3,1389,0,0,7.872958072357847,0,0,0,1.8880000000000001,0
TXN00033704,3450,1419.88,8,grocery,ios,Bhaktapur,1,0,2,916,0,0,7.259031676959071,0,0,0,1.5483969465648857,0
TXN00029660,4269,2026.84,5,electronics,android,Pokhara,0,0,2,903,0,0,7.614726466135152,0,0,0,2.242079646017699,0
TXN00017893,1743,1117.35,11,ecommerce,android,Kathmandu,0,0,3,1126,0,0,7.019609663756279,0,0,0,0.9914374445430345,0
TXN00022018,3642,3409.63,20,healthcare,web,Hetauda,0,0,6,960,0,0,8.134652303946385,0,0,0,3.548002081165453,0
TXN00013538,4201,79.27,12,travel,android,Bhaktapur,0,0,3,828,0,0,4.385395952143486,0,0,0,0.09562123039806995,0
TXN00043118,2128,4620.19,22,travel,web,Lalitpur,0,0,1,1462,0,0,8.43840752666642,0,0,0,3.158024606971975,0
TXN00036420,492,5450.8,5,electronics,android,Birgunj,0,1,2,1485,0,0,8.60370110835779,0,0,0,3.6681022880215344,0
TXN00009405,1797,1082.0,9,mobile_topup,ios,Lalitpur,0,0,2,201,0,0,6.9874902470009905,0,0,0,5.356435643564357,0
TXN00013413,2103,484.6,14,education,android,Birgunj,0,0,3,135,0,0,6.185385239745289,0,0,0,3.5632352941176473,0
TXN00006720,2582,2363.08,18,ecommerce,ios,Bhaktapur,0,0,2,43,0,0,7.768144218900943,0,0,0,53.70636363636363,0
TXN00015601,4893,2359.69,12,restaurant,android,Hetauda,0,0,1,746,0,0,7.76670922816839,0,0,0,3.158888888888889,0
TXN00044743,1489,272.15,11,utility_bill,ios,Nepalgunj,0,2,3,365,0,0,5.610021094841726,0,0,0,0.7435792349726775,0
TXN00031138,523,1819.54,23,utility_bill,android,Dharan,0,1,3,559,0,0,7.506888439359826,0,0,0,3.2491785714285712,0
TXN00002729,779,137.33,17,grocery,ios,Birgunj,0,0,4,1135,0,0,4.929642134886724,0,0,0,0.12088908450704226,0
TXN00038242,4357,219.61,16,grocery,ios,Pokhara,0,0,1,448,0,0,5.396396436707672,0,0,0,0.48910913140311807,0
TXN00029625,1150,310.91,3,restaurant,android,Biratnagar,0,0,1,62,0,1,5.742714684657988,0,0,0,4.935079365079366,1
TXN00047894,2355,144.4,21,travel,web,Nepalgunj,0,0,3,893,0,0,4.979488565099419,0,0,0,0.1615212527964206,0
TXN00042090,4114,130.43,4,mobile_topup,android,Lalitpur,0,2,2,1348,0,1,4.878474390493917,0,0,0,0.09668643439584879,1
TXN00036399,3166,431.14,23,utility_bill,ios,Hetauda,0,0,1,1471,0,0,6.068749609817524,0,0,0,0.29289402173913043,0
TXN00006244,4921,1989.67,6,education,web,Butwal,0,2,1,1190,0,0,7.59622654447048,0,0,0,1.6705877413937869,0
TXN00005545,28,2571.71,6,ecommerce,android,Nepalgunj,0,3,1,677,0,0,7.8527150970295025,0,0,0,3.7930825958702066,0
TXN00004064,3,332.6,1,fuel,ios,Biratnagar,1,0,2,971,0,1,5.809942670484592,0,0,0,0.3421810699588478,1
TXN00012851,3768,2148.49,9,travel,ios,Biratnagar,0,0,3,712,0,0,7.6729858836808065,0,0,0,3.0133099579242635,0
TXN00021802,1040,236.53,6,education,android,Bhaktapur,0,3,2,83,0,0,5.470293931287002,0,0,0,2.8158333333333334,0
TXN00041163,3626,2707.03,0,healthcare,android,Kathmandu,0,0,3,1033,0,1,7.90397671225736,0,0,0,2.6180174081237912,1
TXN00006232,2604,115.49,0,restaurant,android,Kathmandu,0,2,2,594,0,1,4.757805432411685,0,0,0,0.19410084033613445,1
TXN00003862,4028,392.58,5,fuel,ios,Pokhara,0,1,3,40,0,0,5.975284350878944,0,0,0,9.575121951219511,0
TXN00035094,1205,1447.63,16,mobile_topup,android,Birgunj,0,4,1,564,1,0,7.278373561197481,0,1,0,2.5621769911504426,1
TXN00040195,4337,3853.2,14,education,ios,Nepalgunj,0,0,1,626,0,0,8.25691874176382,0,0,0,6.1454545454545455,0
TXN00039250,3465,799.18,10,mobile_topup,ios,Biratnagar,0,0,1,374,0,0,6.684836702359224,0,0,0,2.1311466666666665,0
TXN00006217,874,210.13,6,electronics,web,Bhaktapur,0,1,1,1464,0,0,5.352474057499991,0,0,0,0.1434334470989761,0
TXN00036775,4015,483.14,12,utility_bill,web,Birgunj,0,0,1,346,0,0,6.18237412108847,0,0,0,1.3923342939481267,0
TXN00042976,1062,1038.39,16,healthcare,android,Pokhara,0,0,1,251,0,0,6.946389281592905,0,0,0,4.120595238095238,0
TXN00048467,3689,2037.4,1,education,android,Lalitpur,0,0,7,122,0,1,7.619920465377844,0,0,0,16.564227642276425,1
TXN00014831,1608,377.94,1,education,ios,Bhaktapur,0,0,1,1148,0,1,5.937377881204216,0,0,0,0.3289295039164491,1
TXN00030092,3026,1094.39,13,education,web,Lalitpur,0,0,1,1187,0,0,6.998865743222685,0,0,0,0.9212037037037037,0
TXN00008893,1363,80.27,18,utility_bill,web,Butwal,0,0,1,54,0,0,4.397776944765114,0,0,0,1.4594545454545453,0
TXN00006020,4705,425.19,19,healthcare,web,Biratnagar,1,0,2,143,0,0,6.054885256226418,0,0,0,2.9527083333333333,0
TXN00046088,2767,1283.93,9,healthcare,web,Birgunj,0,0,5,348,0,0,7.158459521137348,0,0,0,3.6788825214899714,0
TXN00015242,786,1679.65,17,education,ios,Dharan,0,0,1,1430,0,0,7.426935902330863,0,0,0,1.173759608665269,0
TXN00045307,42,2787.35,6,restaurant,web,Biratnagar,0,0,4,743,0,0,7.933205302021263,0,0,0,3.7464381720430104,0
TXN00026550,1725,142.46,13,grocery,android,Butwal,0,0,3,884,0,0,4.966056250698289,0,0,0,0.1609717514124294,0
TXN00006034,3002,979.93,2,fuel,web,Nepalgunj,0,0,2,985,0,1,6.88850110125999,0,0,0,0.9938438133874239,1
TXN00007905,3175,1719.31,15,travel,ios,Kathmandu,0,0,5,602,0,0,7.450259786125702,0,0,0,2.8512603648424544,0
TXN00032225,3310,1227.65,9,education,web,Dharan,0,0,1,1259,0,0,7.113671284629721,0,0,0,0.9743253968253969,0
TXN00006017,4525,3182.72,11,grocery,web,Butwal,0,0,2,591,0,0,8.065805603398859,0,0,0,5.376216216216216,0
TXN00021879,4427,7747.76,21,education,android,Bhaktapur,0,1,1,630,0,0,8.955288109546027,0,0,0,12.278541996830429,0
TXN00002791,1456,271.26,13,grocery,ios,Bhaktapur,0,4,4,1014,0,0,5.606757492084327,0,1,0,0.26725123152709357,1
TXN00042605,2830,10853.8,17,utility_bill,android,Nepalgunj,0,3,3,1088,0,0,9.292362657453571,0,0,0,9.96675849403122,0
TXN00005823,1568,1104.0,21,travel,ios,Biratnagar,0,2,3,1125,0,0,7.007600613951853,0,0,0,0.9804618117229129,0
TXN00015387,4728,401.78,4,fuel,android,Bhaktapur,0,0,1,684,0,1,5.998390507178715,0,0,0,0.5865401459854014,1
TXN00029561,357,4856.44,18,restaurant,ios,Hetauda,0,0,2,1233,0,0,8.48826682914237,0,0,0,3.9355267423014584,0
TXN00039475,3265,307.15,2,restaurant,web,Birgunj,0,0,4,1128,0,1,5.730586677408252,0,0,0,0.2720549158547387,1
TXN00000292,607,26.06,8,grocery,ios,Butwal,0,0,2,844,0,0,3.2980566227426418,0,0,0,0.03084023668639053,0
TXN00016957,4906,693.69,0,fuel,web,Lalitpur,0,2,2,203,0,1,6.543465702892481,0,0,0,3.4004411764705886,1
TXN00030860,4912,1069.62,2,education,web,Butwal,0,0,1,1159,0,1,6.975993198898185,0,0,0,0.9220862068965516,1
TXN00014073,1197,132.17,22,electronics,android,Pokhara,0,0,2,1107,0,0,4.8916265075140535,0,0,0,0.11928700361010829,0
TXN00021856,918,8274.72,20,healthcare,ios,Nepalgunj,0,0,1,1186,0,0,9.021081205523638,0,0,0,6.97112047177759,0
TXN00022079,4464,649.5,3,electronics,android,Butwal,0,2,4,1150,0,1,6.47774129795256,0,0,0,0.5642919200695048,1
TXN00017023,1136,3404.12,11,healthcare,web,Hetauda,0,0,1,725,0,0,8.133035460253367,0,0,0,4.688870523415978,0
TXN00008739,4832,576.03,18,restaurant,web,Birgunj,0,1,1,105,0,0,6.357894258224098,0,0,0,5.434245283018868,0
TXN00015825,3631,28298.3,16,fuel,web,Pokhara,0,1,7,325,0,0,10.250592348343082,0,0,0,86.80460122699387,0
TXN00002741,977,705.58,11,travel,android,Nepalgunj,0,0,10,59,0,0,6.56043642996743,1,0,0,11.759666666666668,1
TXN00018048,3665,3539.51,2,healthcare,android,Dharan,0,0,3,776,0,1,8.172026063547662,0,0,0,4.555353925353925,1
TXN00049936,116,1950.13,14,restaurant,ios,Pokhara,0,0,1,311,0,0,7.576163970899421,0,0,0,6.250416666666667,0
TXN00017372,3358,914.52,6,travel,ios,Bhaktapur,0,2,2,1159,0,0,6.819492209861745,0,0,0,0.7883793103448276,0
TXN00022021,4480,1176.37,18,ecommerce,ios,Nepalgunj,1,4,2,478,0,0,7.0710384163986415,0,1,0,2.4558872651356993,1
TXN00046364,1984,949.04,19,fuel,web,Dharan,0,0,2,520,0,0,6.8565040889713424,0,0,0,1.821573896353167,0
TXN00023537,3895,682.35,20,ecommerce,ios,Nepalgunj,0,1,3,1444,0,0,6.5270071734108095,0,0,0,0.47221453287197235,0
TXN00045499,1926,371.91,3,fuel,android,Lalitpur,1,0,2,91,0,1,5.921337103666186,0,0,0,4.0425,1
TXN00040185,3128,1253.7,18,ecommerce,ios,Butwal,0,0,2,754,0,0,7.1346517791656545,0,0,0,1.6605298013245033,0
TXN00009613,444,73.65,16,healthcare,web,Lalitpur,0,0,3,1155,0,0,4.312810523985199,0,0,0,0.06371107266435987,0
TXN00043281,4283,393.06,12,restaurant,web,Butwal,0,4,4,1298,1,0,5.976503181967821,0,1,0,0.3025866050808314,1
TXN00037891,4648,212.96,20,restaurant,web,Kathmandu,0,0,2,217,0,0,5.365789081663049,0,0,0,0.9768807339449541,0
TXN00026178,3413,1058.79,21,electronics,android,Hetauda,0,0,2,979,0,0,6.9658260542715515,0,0,0,1.0803979591836734,0
TXN00045892,1050,1370.51,18,mobile_topup,ios,Biratnagar,0,0,1,342,0,0,7.223667601637989,0,0,0,3.995655976676385,0
TXN00020933,312,758.31,4,mobile_topup,ios,Pokhara,0,0,1,1280,0,1,6.632410126157487,0,0,0,0.5919672131147541,1
TXN00040971,720,223.21,10,restaurant,web,Butwal,0,0,8,79,0,0,5.41258311267638,1,0,0,2.790125,1
TXN00022224,1251,466.19,23,ecommerce,web,Kathmandu,0,0,2,90,0,0,6.146736027175357,0,0,0,5.122967032967033,0
TXN00024381,269,1725.62,19,utility_bill,android,Lalitpur,0,0,2,120,0,0,7.453921019193155,0,0,0,14.261322314049586,0
TXN00034855,4985,734.79,22,mobile_topup,web,Lalitpur,0,1,2,246,0,0,6.6009447519286875,0,0,0,2.9748582995951414,0
TXN00048577,507,353.93,0,restaurant,ios,Butwal,0,0,1,1132,0,1,5.8719205869336815,0,0,0,0.31238305383936454,1
TXN00038536,4486,557.41,22,mobile_topup,web,Pokhara,0,3,8,1344,1,0,6.325093459597267,1,0,0,0.41443122676579924,1
TXN00031755,3533,11227.25,6,electronics,web,Bhaktapur,0,0,1,303,0,0,9.326188202998056,0,0,0,36.93174342105263,0
TXN00007753,2723,1036.95,7,grocery,ios,Pokhara,0,0,3,989,0,0,6.9450028930088035,0,0,0,1.0474242424242424,0
TXN00046638,2478,211.29,7,restaurant,web,Nepalgunj,0,0,1,1437,0,0,5.3579532644439105,0,0,0,0.14693324061196106,0
TXN00043834,980,203.58,21,fuel,web,Pokhara,0,3,2,516,0,0,5.320959097028862,0,0,0,0.3937717601547389,0
TXN00026235,3703,640.02,7,fuel,web,Pokhara,0,1,1,1223,0,0,6.463060657681971,0,0,0,0.522892156862745,0
TXN00044229,2542,136.48,20,utility_bill,web,Biratnagar,0,1,1,564,0,0,4.923478451981633,0,0,0,0.24155752212389378,0
TXN00049596,4306,784.44,22,fuel,ios,Biratnagar,0,0,1,862,0,0,6.666244070309743,0,0,0,0.9089687137891078,0
TXN00018552,3369,103.99,7,grocery,web,Hetauda,0,2,1,559,0,0,4.65386510752685,0,0,0,0.18569642857142857,0
TXN00043136,1967,1684.82,14,electronics,android,Pokhara,1,0,2,1034,0,0,7.430007371296543,0,0,0,1.6278454106280194,0
TXN00036672,4597,1313.82,20,electronics,web,Butwal,0,0,4,51,0,0,7.181455053113374,0,0,0,25.26576923076923,0
TXN00043649,1696,513.81,6,education,ios,Dharan,0,2,2,456,0,0,6.2437979005527335,0,0,0,1.1243107221006563,0
TXN00003940,3311,450.1,1,utility_bill,android,Bhaktapur,0,0,2,867,0,1,6.111689044414351,0,0,0,0.5185483870967742,1
TXN00031496,3190,280.77,19,electronics,ios,Butwal,0,2,2,453,0,0,5.641091135316281,0,0,0,0.6184361233480176,0
TXN00026593,1002,252.62,8,fuel,web,Hetauda,0,0,4,1403,0,0,5.535837083806753,0,0,0,0.17992877492877493,0
TXN00023921,4753,1198.87,21,education,web,Lalitpur,0,0,1,755,0,0,7.089968496574279,0,0,0,1.5858068783068782,0
TXN00026402,4098,715.15,17,education,ios,Pokhara,0,0,2,1130,0,0,6.573889642225874,0,0,0,0.632316534040672,0
TXN00045942,1988,2300.0,6,restaurant,web,Kathmandu,0,0,1,882,0,0,7.741099090035366,0,0,0,2.6047565118912797,0
TXN00048525,3601,1325.67,2,education,web,Kathmandu,0,0,6,1242,0,1,7.190427322170032,0,0,0,1.0665084473049076,1
TXN00018315,4218,372.56,7,electronics,android,Nepalgunj,0,0,1,118,0,0,5.923078634241517,0,0,0,3.1307563025210086,0
TXN00036893,4195,311.56,11,healthcare,web,Bhaktapur,0,0,3,785,0,0,5.744796450746815,0,0,0,0.39638676844783716,0
TXN00026695,4458,183.27,23,utility_bill,web,Butwal,0,0,1,63,0,0,5.21640207334677,0,0,0,2.86359375,0
TXN00042127,3758,411.19,7,healthcare,web,Pokhara,0,1,2,1231,0,0,6.0214844080941505,0,0,0,0.3337581168831169,0
TXN00014170,4317,277.39,8,fuel,android,Kathmandu,0,0,1,1379,0,0,5.629023008274912,0,0,0,0.20100724637681158,0
TXN00003732,2370,1577.42,17,mobile_topup,android,Biratnagar,0,0,2,917,0,0,7.364179625687429,0,0,0,1.718322440087146,0
TXN00007881,1532,1584.1,1,ecommerce,android,Butwal,0,5,2,922,0,1,7.368402775803847,0,1,0,1.7162513542795232,2
TXN00006016,4137,202.62,22,electronics,android,Kathmandu,0,4,1,221,1,0,5.316255511679049,0,1,0,0.9127027027027027,1
TXN00023029,3577,1444.37,11,fuel,web,Lalitpur,0,0,3,654,0,0,7.2761206231332745,0,0,0,2.205145038167939,0
TXN00035473,229,1408.01,1,healthcare,android,Pokhara,0,3,2,1396,0,1,7.250642609105575,0,0,0,1.007881173944166,1
TXN00049685,1602,2003.38,20,ecommerce,web,Lalitpur,0,0,1,630,0,0,7.603090064987494,0,0,0,3.1749286846275755,0
TXN00004817,4931,507.59,11,utility_bill,web,Dharan,0,2,1,1447,0,0,6.231642190977971,0,0,0,0.35054558011049725,0
TXN00041693,1927,1726.48,13,education,web,Birgunj,0,0,2,1173,0,0,7.454418978150783,0,0,0,1.470596252129472,0
TXN00012007,2684,4813.95,15,fuel,ios,Lalitpur,0,1,1,1450,0,0,8.479480939962318,0,0,0,3.317677463818056,0
TXN00041327,385,269.56,10,mobile_topup,web,Kathmandu,0,1,3,1027,0,0,5.600493885150271,0,0,0,0.2622178988326848,0
TXN00009506,517,281.69,9,mobile_topup,ios,Nepalgunj,0,0,2,868,0,0,5.644350890886774,0,0,0,0.32415420023014957,0
TXN00044798,305,2097.72,2,restaurant,ios,Kathmandu,0,0,1,996,0,1,7.6490829140668355,0,0,0,2.1040320962888663,1
TXN00034062,2016,3317.77,3,healthcare,ios,Bhaktapur,1,0,2,843,0,1,8.10734951133744,0,0,0,3.931007109004739,1
TXN00027474,2541,219.16,19,utility_bill,web,Dharan,1,3,1,340,0,0,5.394354554744979,0,0,0,0.6426979472140762,0
TXN00031143,4748,163.13,21,restaurant,web,Birgunj,0,0,2,87,0,0,5.100658796743844,0,0,0,1.85375,0
TXN00021235,2421,1651.75,2,travel,web,Hetauda,0,0,1,227,0,1,7.410195846213687,0,0,0,7.244517543859649,1
TXN00001390,318,324.14,8,grocery,web,Birgunj,0,0,2,1210,0,0,5.784255858806078,0,0,0,0.26766308835673,0
TXN00038249,381,1162.02,13,mobile_topup,ios,Nepalgunj,0,0,2,432,0,0,7.058775349275357,0,0,0,2.68364896073903,0
TXN00037624,2326,230.73,18,fuel,android,Biratnagar,0,5,1,818,0,0,5.44557290082979,0,1,0,0.2817216117216117,1
TXN00042028,1780,618.73,6,education,ios,Nepalgunj,0,1,3,862,0,0,6.4292838993175305,0,0,0,0.7169524913093859,0
TXN00020834,2507,1033.65,7,education,web,Biratnagar,0,0,1,1202,0,0,6.941818484257838,0,0,0,0.8592269326683293,0
TXN00014757,2186,380.02,4,fuel,android,Bhaktapur,0,0,6,958,0,1,5.942851867187289,0,0,0,0.396266944734098,1
TXN00026396,4326,3002.58,20,ecommerce,android,Dharan,0,0,6,817,0,0,8.007560189527304,0,0,0,3.670635696821516,0
TXN00006808,3259,2375.21,11,travel,android,Nepalgunj,0,0,2,1154,0,0,7.773262060415298,0,0,0,2.0564588744588743,0
TXN00009225,4685,205.97,20,education,android,Hetauda,0,2,5,1118,0,0,5.332573855226127,0,0,0,0.18406613047363718,0
TXN00048394,991,1444.23,13,healthcare,web,Biratnagar,0,2,1,340,0,0,7.276023757430576,0,0,0,4.235278592375367,0
TXN00005395,3568,1228.57,19,education,android,Dharan,0,2,1,958,0,0,7.1144197937484766,0,0,0,1.281094890510949,0
TXN00006943,283,1142.09,17,fuel,android,Butwal,0,0,1,1170,0,0,7.041490400852448,0,0,0,0.9753116994022203,0
TXN00023870,56,115.88,17,mobile_topup,android,Pokhara,0,3,3,328,0,0,4.761147767442444,0,0,0,0.35221884498480244,0
TXN00032492,4532,1659.92,21,education,ios,Hetauda,0,1,2,802,0,0,7.415126944696611,0,0,0,2.067148194271482,0
TXN00036345,636,148.25,18,fuel,web,Biratnagar,0,2,1,1019,0,0,5.0056227522727115,0,0,0,0.14534313725490197,0
TXN00010755,2091,69.05,9,electronics,ios,Pokhara,0,0,2,1012,0,0,4.249209272783016,0,0,0,0.06816386969397828,0
TXN00012301,2056,2737.4,8,restaurant,android,Dharan,0,0,2,1120,0,0,7.915129087215975,0,0,0,2.44192685102587,0
TXN00048386,2926,2106.35,18,ecommerce,android,Kathmandu,0,0,1,1209,0,0,7.65318651296577,0,0,0,1.740785123966942,0
TXN00042745,4758,3337.02,23,mobile_topup,android,Butwal,0,0,1,221,0,0,8.113133095815574,0,0,0,15.031621621621621,0
TXN00029089,1673,2143.39,5,ecommerce,web,Bhaktapur,0,0,2,470,0,0,7.670610408633425,0,0,0,4.55072186836518,0
TXN00044712,1211,3404.54,18,ecommerce,web,Biratnagar,0,0,1,252,0,0,8.133158796317868,0,0,0,13.456679841897232,0
TXN00014343,1623,2293.35,21,education,android,Birgunj,0,1,5,551,0,0,7.738204857978169,0,0,0,4.154619565217391,0
TXN00038172,3561,2218.33,6,mobile_topup,ios,Pokhara,0,0,2,837,0,0,7.704960627513194,0,0,0,2.6471718377088305,0
TXN00005071,2687,3776.23,20,restaurant,android,Nepalgunj,0,2,1,565,0,0,8.236746215748562,0,0,0,6.67178445229682,0
TXN00024121,343,482.9,20,ecommerce,web,Lalitpur,0,0,4,873,0,0,6.181878273799273,0,0,0,0.5525171624713958,0
TXN00048809,1730,10605.28,3,fuel,web,Nepalgunj,0,0,2,63,0,1,9.269201557499455,0,0,0,165.7075,1
TXN00017820,4585,213.93,23,grocery,web,Lalitpur,0,0,3,1019,0,0,5.370312393719185,0,0,0,0.20973529411764708,0
TXN00001122,3281,148.58,12,restaurant,android,Nepalgunj,0,1,1,58,0,0,5.007831366763521,0,0,0,2.518305084745763,0
TXN00011264,3096,217.79,20,ecommerce,ios,Lalitpur,0,2,4,1005,0,0,5.388112365664251,0,0,0,0.2164910536779324,0
TXN00030579,3482,78.03,23,healthcare,web,Kathmandu,1,1,1,782,0,0,4.369827527216884,0,0,0,0.09965517241379311,0
TXN00045464,4609,1130.68,13,mobile_topup,web,Hetauda,0,3,4,961,0,0,7.03145853328768,0,0,0,1.1753430353430354,0
TXN00048216,4390,1040.61,7,mobile_topup,android,Lalitpur,0,2,2,1413,0,0,6.948522872022658,0,0,0,0.7359335219236208,0
TXN00043044,3265,1001.83,14,travel,web,Kathmandu,0,1,1,398,0,0,6.9105812820712,0,0,0,2.5108521303258144,0
TXN00015656,3323,881.93,19,ecommerce,android,Bhaktapur,0,0,9,124,0,0,6.783245922263327,1,0,0,7.05544,1
TXN00001900,3655,3063.04,3,mobile_topup,web,Biratnagar,0,0,4,113,0,1,8.027489585605556,0,0,0,26.86877192982456,1
TXN00000147,4780,909.63,16,fuel,android,Pokhara,0,0,3,484,0,0,6.814136667668781,0,0,0,1.8755257731958763,0
TXN00029642,3490,7049.85,19,utility_bill,web,Bhaktapur,0,0,1,416,0,0,8.860903455914539,0,0,0,16.90611510791367,0
TXN00003211,4527,185.07,1,education,web,Lalitpur,0,2,1,760,0,1,5.22612294699955,0,0,0,0.24319316688567674,1
TXN00043850,4107,54.8,19,fuel,ios,Hetauda,0,0,9,610,0,0,4.021773869387265,1,0,0,0.08968903436988543,1
TXN00002354,2453,470.29,16,mobile_topup,web,Biratnagar,0,3,3,1112,0,0,6.155473615796668,0,0,0,0.42254267744833784,0
TXN00031520,327,128.62,7,electronics,android,Bhaktapur,0,0,3,1151,0,0,4.86460709299957,0,0,0,0.11164930555555556,0
TXN00042583,1931,774.26,23,electronics,ios,Dharan,0,3,2,888,0,0,6.653198456962184,0,0,0,0.8709336332958381,0
TXN00043337,1014,827.21,7,utility_bill,ios,Lalitpur,0,0,1,1120,0,0,6.719266745416742,0,0,0,0.737921498661909,0
TXN00045284,1911,727.71,18,education,ios,Hetauda,0,1,1,83,0,0,6.591275847650555,0,0,0,8.663214285714286,0
TXN00046956,3999,443.68,2,ecommerce,ios,Kathmandu,0,0,6,1032,0,1,6.097354922365414,0,0,0,0.42950629235237175,1
TXN00048790,1076,694.37,18,electronics,web,Nepalgunj,0,0,3,364,0,0,6.5444440780046955,0,0,0,1.9023835616438356,0
TXN00036585,741,2001.61,19,electronics,android,Dharan,1,0,1,641,0,0,7.602206608769674,0,0,0,3.117772585669782,0
TXN00010465,4769,275.34,22,utility_bill,android,Biratnagar,0,0,3,1034,0,0,5.621631991628523,0,0,0,0.26602898550724635,0
TXN00007821,4327,334.27,15,ecommerce,android,Butwal,0,0,2,507,0,0,5.81493617735479,0,0,0,0.658011811023622,0
TXN00007205,528,453.08,8,travel,ios,Dharan,0,0,2,802,0,0,6.118273393971678,0,0,0,0.5642341220423412,0
TXN00006413,4201,381.22,12,healthcare,ios,Pokhara,0,0,4,1386,0,0,5.945996359060835,0,0,0,0.2748521989906273,0
TXN00034046,568,631.76,22,utility_bill,android,Pokhara,0,0,4,1159,0,0,6.450091203330379,0,0,0,0.5446206896551724,0
TXN00012728,3466,318.66,7,fuel,web,Birgunj,0,0,5,141,0,0,5.767257930940508,0,0,0,2.2440845070422535,0
TXN00006925,2273,741.47,7,fuel,ios,Nepalgunj,0,0,3,714,0,0,6.609982465820186,0,0,0,1.037020979020979,0
TXN00027995,3536,3051.23,13,mobile_topup,android,Pokhara,0,0,1,1029,0,0,8.023627749984291,0,0,0,2.962359223300971,0
TXN00037612,26,2717.15,21,ecommerce,android,Butwal,0,3,1,985,0,0,7.907706780826277,0,0,0,2.755730223123732,0
TXN00039483,2518,9097.03,2,education,android,Nepalgunj,0,1,2,282,0,1,9.115813185552518,0,0,0,32.14498233215548,1
TXN00003016,1910,334.83,3,utility_bill,web,Birgunj,1,1,3,565,0,1,5.816605079545157,0,0,0,0.5915724381625441,1
TXN00001640,1083,150.43,20,education,android,Butwal,0,0,2,1389,0,0,5.020123471968565,0,0,0,0.10822302158273382,0
TXN00008883,3575,384.69,21,fuel,ios,Birgunj,0,0,11,1380,0,0,5.955033937991893,1,0,0,0.2785590152063722,1
TXN00037601,285,255.25,23,restaurant,android,Biratnagar,0,0,3,156,0,0,5.546153530452618,0,0,0,1.625796178343949,0
TXN00012969,4651,1453.45,13,electronics,android,Lalitpur,0,4,6,1339,0,0,7.282383101270133,0,1,0,1.0846641791044775,1
TXN00023463,4495,265.95,11,electronics,android,Biratnagar,0,0,1,83,0,0,5.587061374946195,0,0,0,3.1660714285714286,0
TXN00015757,3106,4627.2,15,restaurant,android,Birgunj,0,3,2,478,0,0,8.439923302591572,0,0,0,9.660125260960333,0
TXN00044076,3730,495.45,23,healthcare,android,Nepalgunj,0,0,1,353,0,0,6.207482773479603,0,0,0,1.3995762711864406,0
TXN00004086,1504,181.9,3,healthcare,web,Hetauda,0,0,1,1320,0,1,5.20893955539682,0,0,0,0.1376987130961393,1
TXN00000508,4730,813.4,10,electronics,web,Butwal,1,0,1,627,0,0,6.702451645796258,0,0,0,1.2952229299363056,0
TXN00006354,4712,1739.38,13,travel,android,Bhaktapur,0,1,2,149,0,0,7.461858759169372,0,0,0,11.595866666666668,0
TXN00029644,645,86.0,16,mobile_topup,ios,Lalitpur,0,1,2,570,0,0,4.465908118654584,0,0,0,0.15061295971978983,0
TXN00020815,3995,569.5,13,electronics,ios,Pokhara,0,0,4,970,0,0,6.34651316930213,0,0,0,0.586508753861998,0
TXN00006234,378,1520.98,18,ecommerce,ios,Dharan,0,2,2,899,0,0,7.327767397730825,0,0,0,1.6899777777777778,0
TXN00031989,4022,87.93,3,utility_bill,android,Kathmandu,0,0,1,437,0,1,4.487849543411548,0,0,0,0.20075342465753426,1
TXN00012995,3974,1426.69,8,education,ios,Hetauda,1,2,1,1205,0,0,7.263813032498038,0,0,0,1.1829933665008292,0
TXN00042501,4762,337.48,12,travel,ios,Pokhara,0,0,1,238,0,0,5.824465006411812,0,0,0,1.412050209205021,0
TXN00038920,4768,186.44,1,utility_bill,android,Bhaktapur,1,1,3,936,0,1,5.2334587941995405,0,0,0,0.19897545357524013,1
TXN00000262,955,149.54,14,restaurant,android,Hetauda,0,1,1,929,0,0,5.0142288296063855,0,0,0,0.16079569892473117,0
TXN00007891,1574,836.39,14,mobile_topup,android,Butwal,0,1,1,542,0,0,6.730289911789355,0,0,0,1.5403130755064456,0
TXN00010527,3824,402.25,14,education,android,Kathmandu,0,1,1,1390,0,0,5.999556717005318,0,0,0,0.2891804457225018,0
TXN00018600,3998,801.39,17,fuel,android,Hetauda,0,2,4,1406,0,0,6.687594773957903,0,0,0,0.5695735607675906,0
TXN00024114,2552,2455.15,8,healthcare,web,Pokhara,1,0,1,1424,0,0,7.806350362320603,0,0,0,1.7229122807017545,0
TXN00033498,1117,3398.76,16,grocery,ios,Birgunj,0,4,5,499,0,0,8.131460119877492,0,1,0,6.7975200000000005,1
TXN00013471,1956,282.21,1,electronics,web,Hetauda,0,0,2,1374,0,1,5.646188671930618,0,0,0,0.20524363636363635,1
TXN00031725,4836,414.51,9,fuel,ios,Birgunj,0,2,4,174,0,0,6.029506681394576,0,0,0,2.3686285714285713,0
TXN00023690,4150,419.03,22,education,android,Hetauda,0,0,2,878,0,0,6.040326137297944,0,0,0,0.476712172923777,0
TXN00010557,4338,143.46,21,fuel,ios,Lalitpur,0,0,1,411,0,0,4.973002652622701,0,0,0,0.34820388349514564,0
TXN00006556,504,665.17,20,utility_bill,ios,Pokhara,0,0,1,1252,0,0,6.501544893223564,0,0,0,0.5308619313647246,0
TXN00045577,1334,2171.72,16,grocery,web,Lalitpur,0,0,2,804,0,0,7.683735117835295,0,0,0,2.6977888198757762,0
TXN00041503,4380,541.94,20,education,android,Lalitpur,0,0,1,384,0,0,6.296998816591097,0,0,0,1.4076363636363638,0
TXN00027872,651,4413.58,10,mobile_topup,web,Biratnagar,0,1,2,808,0,0,8.392667978275067,0,0,0,5.4555995055624225,0
TXN00010810,2839,1428.79,20,grocery,web,Butwal,0,0,5,80,0,0,7.26528285932312,0,0,0,17.639382716049383,0
TXN00038214,648,359.41,5,mobile_topup,ios,Hetauda,0,0,2,1207,0,0,5.88724227229708,0,0,0,0.2975248344370861,0
TXN00011730,3165,409.09,21,education,ios,Pokhara,0,0,5,1152,0,0,6.016376647804199,0,0,0,0.35480485689505636,0
TXN00027438,1061,315.26,7,utility_bill,ios,Dharan,0,0,1,279,0,0,5.7565646600951705,0,0,0,1.1259285714285714,0
TXN00021779,4912,36.17,0,electronics,ios,Nepalgunj,1,0,3,438,0,1,3.615501984309161,0,0,0,0.08239179954441914,1
TXN00034079,3394,746.69,9,healthcare,android,Lalitpur,0,0,2,1396,0,0,6.616988453568432,0,0,0,0.5344953471725126,0
TXN00022915,4576,6978.52,9,healthcare,android,Pokhara,0,1,1,916,0,0,8.850735425483487,0,0,0,7.610163576881135,0
TXN00008085,2675,93.04,5,restaurant,android,Pokhara,0,0,3,449,0,0,4.543720223671869,0,0,0,0.20675555555555558,0
TXN00043467,2791,460.27,11,restaurant,web,Pokhara,0,0,3,39,0,0,6.133983554848305,0,0,0,11.50675,0
TXN00014709,1673,4307.53,1,restaurant,android,Pokhara,0,0,4,601,0,1,8.368352057635736,0,0,0,7.155365448504983,1
TXN00015466,2040,2864.58,4,utility_bill,web,Birgunj,0,0,1,140,0,1,7.960526051940941,0,0,0,20.316170212765957,1
TXN00037172,3663,731.01,9,travel,android,Biratnagar,0,0,1,831,0,0,6.595794175070184,0,0,0,0.8786177884615385,0
TXN00028748,2917,826.04,15,ecommerce,ios,Hetauda,0,0,1,1422,0,0,6.717853061447729,0,0,0,0.58049191848208,0
TXN00003104,25,241.29,23,ecommerce,ios,Butwal,0,2,5,465,0,0,5.490135355819337,0,0,0,0.5177896995708154,0
TXN00000708,4043,477.04,17,travel,ios,Kathmandu,0,1,1,981,0,0,6.16969441099868,0,0,0,0.4857841140529532,0
TXN00038385,3943,210.55,9,grocery,ios,Kathmandu,0,0,3,985,0,0,5.354461377166077,0,0,0,0.2135395537525355,0
TXN00023444,2545,25266.94,14,travel,ios,Biratnagar,0,0,1,584,0,0,10.137291677470893,0,0,0,43.19135042735042,0
TXN00026510,4182,287.4,3,restaurant,ios,Lalitpur,0,0,1,1440,0,1,5.664348405410794,0,0,0,0.19944482997918112,1
TXN00008466,4048,389.46,22,ecommerce,android,Lalitpur,0,1,4,60,0,0,5.967325531254656,0,0,0,6.384590163934426,0
TXN00006230,1270,134.48,5,restaurant,ios,Biratnagar,1,0,2,638,0,0,4.908824027949571,0,0,0,0.21045383411580593,0
TXN00046358,3205,6845.93,22,restaurant,android,Biratnagar,0,0,1,758,0,0,8.831555655613275,0,0,0,9.019670619235837,0
TXN00039357,3622,514.52,2,restaurant,android,Dharan,0,0,3,635,0,1,6.245176099988609,0,0,0,0.8089937106918239,1
TXN00016386,2474,80.31,4,fuel,android,Bhaktapur,0,0,3,1006,0,1,4.398269010219746,0,0,0,0.07975173783515392,1
TXN00034165,865,8945.36,18,education,android,Pokhara,0,0,2,546,0,0,9.09900202463182,0,0,0,16.35349177330896,0
TXN00004168,608,3514.44,22,fuel,web,Hetauda,1,0,2,892,0,0,8.164919974220066,0,0,0,3.935543113101904,0
TXN00005803,1737,302.98,17,utility_bill,web,Lalitpur,1,0,3,1436,0,0,5.716961909768315,0,0,0,0.21084203201113433,0
TXN00012753,2686,614.62,14,mobile_topup,android,Hetauda,0,0,3,641,0,0,6.42262989006596,0,0,0,0.9573520249221183,0
TXN00002189,3927,232.75,0,fuel,ios,Biratnagar,0,0,1,812,0,1,5.4542521681687965,0,0,0,0.28628536285362854,1
TXN00012187,441,360.06,14,restaurant,ios,Butwal,1,0,1,390,0,0,5.889044149508512,0,0,0,0.9208695652173913,0
TXN00031727,3806,668.22,2,grocery,ios,Nepalgunj,0,1,2,672,0,1,6.506112855097639,0,0,0,0.9928974739970283,1
TXN00019245,1232,233.7,17,mobile_topup,ios,Biratnagar,1,0,1,522,0,0,5.458308102856978,0,0,0,0.4468451242829828,0
TXN00037866,2832,140.48,23,travel,web,Hetauda,0,2,3,1272,0,0,4.95215836433728,0,0,0,0.11035349567949725,0
TXN00043514,2122,249.36,20,grocery,android,Butwal,0,0,5,1466,0,0,5.5228998820565005,0,0,0,0.1699795501022495,0
TXN00008718,1196,156.65,23,healthcare,web,Bhaktapur,0,2,1,1269,0,0,5.06037738599107,0,0,0,0.12334645669291339,0
TXN00028824,4225,308.27,16,education,ios,Nepalgunj,1,2,2,862,0,0,5.734214681776403,0,0,0,0.35720741599072997,0
TXN00024468,2872,306.27,22,healthcare,android,Birgunj,0,0,2,337,0,0,5.72772683989966,0,0,0,0.9061242603550296,0
TXN00048252,2430,389.2,23,electronics,android,Hetauda,0,0,1,137,0,0,5.96665942818901,0,0,0,2.8202898550724638,0
TXN00007201,4263,548.36,21,education,ios,Hetauda,0,0,8,739,0,0,6.308753964312421,1,0,0,0.741027027027027,1
TXN00009282,893,233.93,7,ecommerce,web,Dharan,0,0,1,1466,0,0,5.459287597430956,0,0,0,0.1594614860259032,0
TXN00026820,3517,459.59,3,ecommerce,android,Hetauda,0,0,2,694,0,1,6.132508276338918,0,0,0,0.6612805755395683,1
TXN00027373,2121,1267.57,13,utility_bill,ios,Pokhara,0,0,1,683,0,0,7.145645560804142,0,0,0,1.853172514619883,0
TXN00022492,1634,285.09,17,ecommerce,web,Nepalgunj,0,0,1,27,0,0,5.656306446631499,0,0,0,10.181785714285713,1
TXN00045637,318,3216.07,22,education,web,Butwal,0,2,1,1135,0,0,8.076226286405465,0,0,0,2.8310475352112676,0
TXN00045879,2750,2404.0,5,healthcare,ios,Dharan,0,1,2,289,0,0,7.785305182539862,0,0,0,8.289655172413793,0
TXN00029339,2561,176.28,18,restaurant,web,Lalitpur,0,0,5,725,0,0,5.177730403558919,0,0,0,0.2428099173553719,0
TXN00046547,3167,934.87,22,restaurant,web,Dharan,0,0,1,221,0,0,6.841476577942748,0,0,0,4.211126126126127,0
TXN00010803,1246,527.2,9,education,web,Lalitpur,0,0,1,1442,0,0,6.269474999863032,0,0,0,0.3653499653499654,0
TXN00020964,2662,1229.1,18,restaurant,android,Biratnagar,0,0,1,1207,0,0,7.114850745874739,0,0,0,1.0174668874172184,0
TXN00030032,396,143.33,17,mobile_topup,android,Birgunj,0,2,1,144,0,0,4.972102344379472,0,0,0,0.9884827586206898,0
TXN00005222,747,960.75,0,travel,web,Bhaktapur,0,0,1,536,0,1,6.868754541632405,0,0,0,1.7891061452513966,1
TXN00000659,4534,256.33,21,electronics,ios,Kathmandu,0,1,1,1463,0,0,5.550359307904895,0,0,0,0.17508879781420764,0
TXN00033245,1832,295.16,9,travel,ios,Biratnagar,0,0,1,1259,0,0,5.690899848825188,0,0,0,0.23425396825396827,0
TXN00005865,1868,517.51,2,mobile_topup,android,Butwal,0,0,4,1110,0,1,6.250959313886687,0,0,0,0.4658055805580558,1
TXN00048871,4964,259.47,17,utility_bill,android,Dharan,0,0,4,454,0,0,5.562487691413844,0,0,0,0.5702637362637363,0
TXN00022985,2081,504.26,0,grocery,android,Kathmandu,0,0,1,1452,0,1,6.2250731482699555,0,0,0,0.3470474879559532,1
TXN00028880,799,3208.6,21,mobile_topup,android,Dharan,0,1,3,608,0,0,8.073901597767616,0,0,0,5.26863711001642,0
TXN00047087,4823,1511.35,7,restaurant,android,Birgunj,0,0,1,1354,0,0,7.321420011433255,0,0,0,1.1153874538745387,0
TXN00026527,2386,343.8,8,electronics,android,Kathmandu,0,0,1,295,0,0,5.842964538789538,0,0,0,1.1614864864864864,0
TXN00009647,4541,3880.41,2,fuel,ios,Pokhara,0,0,1,1323,0,1,8.263953768664638,0,0,0,2.930823262839879,1
TXN00049545,4437,866.74,18,travel,android,Butwal,0,1,1,1187,0,0,6.765892130619025,0,0,0,0.7295791245791245,0
TXN00032374,4462,687.86,9,healthcare,ios,Pokhara,0,0,3,1201,0,0,6.535038057333775,0,0,0,0.5722628951747089,0
TXN00026158,3803,217.27,8,education,ios,Nepalgunj,0,0,2,1113,0,0,5.385732828550986,0,0,0,0.1950359066427289,0
TXN00011711,1188,1274.02,0,mobile_topup,android,Dharan,0,2,2,1258,0,1,7.150717143744008,0,0,0,1.0119301032565529,1
TXN00027238,77,912.03,10,utility_bill,ios,Biratnagar,0,2,1,937,0,0,6.816768738762691,0,0,0,0.9723134328358208,0
TXN00018353,2530,420.63,7,healthcare,android,Hetauda,0,0,1,221,0,0,6.044128152190834,0,0,0,1.8947297297297296,0
TXN00049514,2016,917.88,1,education,android,Hetauda,0,0,1,111,0,1,6.823155537115986,0,0,0,8.195357142857143,1
TXN00021724,1333,269.14,14,utility_bill,android,Nepalgunj,0,0,1,25,0,0,5.598940343132618,0,0,0,10.35153846153846,1
TXN00025924,3619,371.1,19,grocery,ios,Biratnagar,0,0,2,744,0,0,5.919162635352577,0,0,0,0.49812080536912756,0
TXN00041389,1890,143.24,2,restaurant,ios,Hetauda,0,0,2,277,0,1,4.971478578895062,0,0,0,0.5152517985611511,1
TXN00004772,3855,1559.23,1,healthcare,android,Butwal,0,0,3,164,0,1,7.352588525273415,0,0,0,9.449878787878788,1
TXN00035204,3360,1417.26,23,utility_bill,ios,Nepalgunj,0,1,1,321,0,0,7.257186047124883,0,0,0,4.401428571428571,0
TXN00027878,398,739.15,8,mobile_topup,android,Pokhara,0,0,2,274,0,0,6.606852868359501,0,0,0,2.687818181818182,0
TXN00005874,4632,4947.48,20,grocery,ios,Pokhara,0,3,3,1027,0,0,8.506835737699802,0,0,0,4.81272373540856,0
TXN00017804,3362,1366.02,22,utility_bill,android,Kathmandu,0,0,2,347,0,0,7.220388467194831,0,0,0,3.925344827586207,0
TXN00034223,97,433.2,22,fuel,android,Birgunj,0,0,2,1014,0,0,6.073505257444191,0,0,0,0.42679802955665025,0
TXN00007841,1679,515.81,4,education,ios,Pokhara,0,0,1,461,0,1,6.247675302126387,0,0,0,1.1164718614718614,1
TXN00015922,3402,163.02,2,mobile_topup,android,Pokhara,0,3,2,1270,0,1,5.099988371608265,0,0,0,0.1282612116443745,1
TXN00028366,3449,519.08,13,fuel,android,Hetauda,0,0,3,955,0,0,6.2539826458962136,0,0,0,0.5429707112970712,0
TXN00012083,750,995.67,11,healthcare,ios,Nepalgunj,0,3,2,54,0,0,6.904419722192635,0,0,0,18.10309090909091,0
TXN00020033,1341,333.78,22,restaurant,web,Bhaktapur,0,0,1,1041,0,0,5.813473599674474,0,0,0,0.32032629558541265,0
TXN00014487,183,195.45,3,mobile_topup,web,Nepalgunj,0,0,2,1366,0,1,5.280407946004469,0,0,0,0.14297732260424287,1
TXN00020818,4790,844.72,11,electronics,android,Lalitpur,0,1,8,977,0,0,6.740188335556668,1,0,0,0.863721881390593,1
TXN00037517,3756,1768.07,16,education,android,Butwal,0,0,1,295,0,0,7.478209263755644,0,0,0,5.97320945945946,0
TXN00044235,3862,825.67,1,ecommerce,web,Hetauda,0,0,1,523,0,1,6.717405582740853,0,0,0,1.575706106870229,1
TXN00048650,660,1036.68,9,mobile_topup,android,Hetauda,0,0,4,1125,0,0,6.9447427310324175,0,0,0,0.9206749555950267,0
TXN00036235,4987,517.94,7,electronics,ios,Kathmandu,0,1,2,918,0,0,6.251788269546475,0,0,0,0.5635908596300327,0
TXN00021069,618,7837.53,18,utility_bill,ios,Lalitpur,0,0,1,1456,0,0,8.966806595764131,0,0,0,5.379224433768016,0
TXN00009523,1340,847.06,0,education,web,Lalitpur,0,2,7,707,0,1,6.742951388005888,0,0,0,1.196412429378531,1
TXN00032755,2264,2014.45,17,ecommerce,web,Bhaktapur,0,0,1,539,0,0,7.608597774509488,0,0,0,3.730462962962963,0
TXN00012053,4311,668.83,21,healthcare,ios,Birgunj,0,1,2,588,0,0,6.507023948846485,0,0,0,1.13553480475382,0
TXN00023593,341,718.68,17,travel,android,Lalitpur,0,0,3,499,0,0,6.578806668770951,0,0,0,1.43736,0
TXN00008037,2277,222.23,2,fuel,ios,Kathmandu,0,0,2,1203,0,1,5.408202630077279,0,0,0,0.18457641196013289,1
TXN00046976,4127,113.53,22,electronics,ios,Biratnagar,1,0,8,971,0,0,4.740836797409625,1,0,0,0.11680041152263375,1
TXN00016399,2449,2160.56,16,fuel,ios,Butwal,0,0,1,1331,0,0,7.6785854622234675,0,0,0,1.622042042042042,0
TXN00045785,1999,146.93,8,restaurant,ios,Hetauda,0,2,1,649,0,0,4.996739188904145,0,0,0,0.22604615384615387,0
TXN00034615,4804,554.03,14,restaurant,android,Lalitpur,0,0,1,1497,0,0,6.319022166339621,0,0,0,0.3698464619492657,0
TXN00007624,3286,6232.32,8,healthcare,ios,Bhaktapur,0,1,2,217,0,0,8.737664375134848,0,0,0,28.588623853211008,0
TXN00013661,4126,1793.14,6,travel,android,Pokhara,0,0,2,1290,0,0,7.492281077478068,0,0,0,1.3889542989930288,0
TXN00037736,3837,1929.15,7,ecommerce,ios,Birgunj,0,0,3,1480,0,0,7.565352999086127,0,0,0,1.3025995948683322,0
TXN00026541,3148,623.2,4,mobile_topup,ios,Lalitpur,1,0,1,839,0,1,6.436470829836679,0,0,0,0.741904761904762,1
TXN00013267,2356,296.04,19,grocery,web,Dharan,0,0,1,782,0,0,5.693866809868824,0,0,0,0.3780842911877395,0
TXN00018082,3237,1772.63,21,travel,android,Kathmandu,0,3,1,972,0,0,7.48078357290871,0,0,0,1.821819116135663,0
TXN00048085,1208,2087.74,19,electronics,android,Nepalgunj,0,0,1,512,0,0,7.6443162923457795,0,0,0,4.069668615984405,0
TXN00042767,1522,147.5,0,ecommerce,ios,Butwal,0,2,1,1090,0,1,5.000584958242754,0,0,0,0.13519706691109074,1
TXN00004070,3194,526.43,4,electronics,android,Nepalgunj,0,3,2,170,0,1,6.268016155122808,0,0,0,3.078538011695906,1
TXN00016286,124,778.31,5,fuel,android,Hetauda,0,0,5,1204,0,0,6.658408912795929,0,0,0,0.6459004149377593,0
TXN00001118,4832,311.63,20,fuel,android,Butwal,0,0,3,877,0,0,5.745020382672446,0,0,0,0.3549316628701594,0
TXN00010074,2940,645.68,7,utility_bill,ios,Dharan,0,0,1,1205,0,0,6.4718515817334055,0,0,0,0.5353897180762852,0
TXN00011373,1530,551.82,22,ecommerce,android,Lalitpur,0,1,2,1032,0,0,6.315032451249072,0,0,0,0.5341916747337851,0
TXN00032684,4081,595.37,13,utility_bill,ios,Butwal,0,1,3,543,0,0,6.39086127981454,0,0,0,1.0944301470588236,0
TXN00046433,4572,291.03,7,travel,ios,Nepalgunj,0,4,4,1416,0,0,5.676856536716945,0,1,0,0.20538461538461536,1
TXN00025349,1133,8189.92,1,grocery,android,Dharan,0,0,2,1089,0,1,9.010781502650667,0,0,0,7.513688073394495,1
TXN00006715,66,125.53,17,healthcare,web,Kathmandu,0,0,2,932,0,0,4.840479434201172,0,0,0,0.13454448017148982,0
TXN00034567,133,846.71,2,ecommerce,ios,Hetauda,0,2,2,590,0,1,6.742538596170945,0,0,0,1.432673434856176,1
TXN00001030,1725,1206.78,20,electronics,android,Birgunj,0,0,4,408,0,0,7.096539242703746,0,0,0,2.950562347188264,0
TXN00022753,2294,11714.44,0,fuel,android,Biratnagar,0,2,1,963,0,1,9.368662908922031,0,0,0,12.151908713692947,1
TXN00011761,1621,747.92,17,healthcare,ios,Pokhara,0,2,3,580,0,0,6.618632168733952,0,0,0,1.2872977624784854,0
TXN00035896,18,3269.07,4,healthcare,android,Butwal,0,0,1,769,0,1,8.092566670390006,0,0,0,4.2455454545454545,1
TXN00014492,455,1532.47,11,mobile_topup,ios,Hetauda,0,1,3,946,0,0,7.335288420271978,0,0,0,1.6182365364308342,0
TXN00025085,553,660.58,0,electronics,android,Kathmandu,0,1,3,232,0,1,6.494630913506484,0,0,0,2.8351072961373394,1
TXN00020395,3788,2115.41,9,utility_bill,android,Lalitpur,0,2,5,514,0,0,7.657476536023538,0,0,0,4.107592233009709,0
TXN00004813,1030,1600.52,8,education,ios,Bhaktapur,0,2,2,354,0,0,7.3787084572634605,0,0,0,4.508507042253521,0
TXN00008994,672,618.87,13,electronics,android,Birgunj,1,0,3,492,0,0,6.429509778634399,0,0,0,1.255314401622718,0
TXN00049691,1006,924.51,8,ecommerce,android,Butwal,0,0,2,153,0,0,6.830344936925465,0,0,0,6.003311688311689,0
TXN00021374,1858,1899.0,8,healthcare,web,Nepalgunj,0,0,1,438,0,0,7.549609165154532,0,0,0,4.325740318906606,0
TXN00030242,4863,82.15,20,restaurant,ios,Nepalgunj,0,0,3,288,0,0,4.420646205638937,0,0,0,0.2842560553633218,0
TXN00047578,2162,449.53,7,travel,android,Dharan,0,0,3,626,0,0,6.110424667506004,0,0,0,0.7169537480063796,0
TXN00001164,3068,13530.85,2,ecommerce,ios,Bhaktapur,0,2,2,910,1,1,9.512801445003218,0,0,0,14.852744237102087,1
TXN00024810,484,1034.63,18,restaurant,ios,Nepalgunj,0,0,1,1366,0,0,6.942765216171587,0,0,0,0.7568617410387711,0
TXN00021109,4874,674.4,17,electronics,ios,Dharan,0,0,3,1339,0,0,6.515305107951467,0,0,0,0.5032835820895523,0
TXN00003697,4596,418.45,22,education,web,Nepalgunj,1,2,1,127,0,0,6.0389443292923035,0,0,0,3.269140625,0
TXN00011438,1029,218.34,4,travel,web,Kathmandu,0,2,3,1151,0,1,5.3906230373320625,0,0,0,0.18953125,1
TXN00004469,2747,393.83,21,grocery,web,Pokhara,0,1,1,694,0,0,5.978455292514342,0,0,0,0.5666618705035971,0
TXN00009807,4463,921.04,21,mobile_topup,web,Butwal,1,0,2,1482,0,0,6.826588606563477,0,0,0,0.6210654079568442,0
TXN00047767,288,562.47,19,healthcare,web,Pokhara,0,0,2,492,0,0,6.334114093375823,0,0,0,1.1409127789046654,0
TXN00006748,2165,2578.34,6,grocery,android,Birgunj,0,0,7,187,0,0,7.855288831236204,0,0,0,13.714574468085107,0
TXN00049184,1133,44.55,4,grocery,ios,Lalitpur,0,0,3,740,0,1,3.8188106237059674,0,0,0,0.06012145748987854,1
TXN00017378,3491,130.83,3,ecommerce,ios,Butwal,0,0,1,369,0,1,4.881513213769878,0,0,0,0.35359459459459464,1
TXN00036884,241,2742.22,16,fuel,android,Dharan,0,0,2,650,0,0,7.916887691877456,0,0,0,4.21231950844854,0
TXN00013356,4627,1773.67,6,education,android,Lalitpur,0,0,1,1131,0,0,7.481369769132131,0,0,0,1.5668462897526503,0
TXN00032404,1112,249.9,18,restaurant,android,Butwal,0,0,1,390,0,0,5.525054453372377,0,0,0,0.6391304347826087,0
TXN00042454,3832,500.95,0,mobile_topup,ios,Nepalgunj,0,0,4,1413,0,1,6.218500513137536,0,0,0,0.35427864214992927,1
TXN00046065,2538,610.08,18,restaurant,ios,Bhaktapur,1,0,1,751,0,0,6.415227883497522,0,0,0,0.8112765957446809,0
TXN00011538,723,1298.97,15,restaurant,ios,Biratnagar,0,1,1,1338,0,0,7.170096466260275,0,0,0,0.9701045556385363,0
TXN00002008,3084,3747.83,16,electronics,web,Pokhara,0,1,2,1199,0,0,8.22919907028233,0,0,0,3.1231916666666666,0
TXN00003221,3375,450.93,13,ecommerce,web,Lalitpur,0,0,11,69,0,0,6.113527300582422,1,0,0,6.441857142857143,1
TXN00044996,3430,1735.48,11,travel,android,Pokhara,0,0,2,1189,0,0,7.459615354697704,0,0,0,1.4583865546218489,0
TXN00018762,3147,336.57,0,electronics,ios,Kathmandu,0,1,1,1173,0,1,5.821772896214049,0,0,0,0.28668654173764907,1
TXN00014165,2671,4231.93,2,education,ios,Kathmandu,0,0,4,974,0,1,8.350649703649015,0,0,0,4.3404410256410255,1
TXN00040683,1421,73.56,7,healthcare,web,Birgunj,1,0,6,825,0,0,4.311604170377335,0,0,0,0.08905569007263923,0
TXN00025080,4419,809.36,17,education,ios,Pokhara,0,0,1,844,0,0,6.6974785933747505,0,0,0,0.9578224852071006,0
TXN00001822,1001,2602.77,20,fuel,android,Birgunj,0,1,2,813,0,0,7.864715673774678,0,0,0,3.1975061425061426,0
TXN00044661,3463,2414.61,15,utility_bill,ios,Birgunj,0,1,1,326,0,0,7.789707122183415,0,0,0,7.384128440366973,0
TXN00006848,4588,96.74,23,electronics,android,Kathmandu,0,0,2,249,0,0,4.582310891842009,0,0,0,0.38695999999999997,0
TXN00012635,1060,1531.94,23,education,ios,Lalitpur,0,1,2,1497,0,0,7.334942739162617,0,0,0,1.0226568758344459,0
TXN00037668,3740,151.95,14,education,ios,Hetauda,0,1,5,1016,0,0,5.030111070596912,0,0,0,0.14941002949852505,0
TXN00006095,2714,250.72,1,grocery,ios,Biratnagar,0,1,2,533,0,1,5.528317358658732,0,0,0,0.46951310861423223,1
TXN00039248,616,646.56,15,utility_bill,ios,Lalitpur,0,0,1,51,0,0,6.473211453373305,0,0,0,12.433846153846153,0
TXN00010577,1283,492.87,4,electronics,web,Birgunj,0,0,3,460,0,1,6.202272324661071,0,0,0,1.0691323210412147,1
TXN00031074,3632,2630.0,5,ecommerce,ios,Dharan,0,0,1,1319,0,0,7.875119281040293,0,0,0,1.9924242424242424,0
TXN00029112,4115,166.89,12,education,web,Bhaktapur,0,0,3,494,0,0,5.123309003048306,0,0,0,0.33715151515151515,0
TXN00010192,3376,751.05,9,electronics,ios,Butwal,0,0,4,1433,0,0,6.622802811101222,0,0,0,0.5237447698744769,0
TXN00000314,3010,1009.54,12,travel,ios,Nepalgunj,0,0,3,563,0,0,6.918240120424412,0,0,0,1.7899645390070922,0
TXN00011449,2351,1347.73,14,restaurant,web,Pokhara,0,1,2,763,0,0,7.206918687917452,0,0,0,1.764044502617801,0
TXN00030745,3656,74.22,21,restaurant,ios,Bhaktapur,0,0,1,1098,0,0,4.32041715304219,0,0,0,0.06753412192902639,0
TXN00029702,1872,51.76,14,ecommerce,web,Hetauda,0,2,3,784,0,0,3.965753327849114,0,0,0,0.06593630573248407,0
TXN00027658,2904,1887.39,21,education,web,Butwal,0,1,1,1231,0,0,7.543479893169867,0,0,0,1.5319724025974026,0
